{"fashion": {"perfect": 0.0070594878266153245, "summer": 0.0093103227073123799, "wear": 0.0077756625613825698, "fashion": 0.011254225558823473, "love": 0.0096684100746960017, "look": 0.0096172547364983419, "gift": 0.0090545460163240776, "hmlife": 0.0070083324884176647, "beauty": 0.0069060218120223435, "win": 0.0064456237682434005, "help": 0.0062921577536504195, "style": 0.0074687305321966078, "collection": 0.0093614780455100396, "good": 0.0062921577536504195, "withoutshoe": 0.0082360606051615128, "pfw": 0.0089522353399287581, "new": 0.014477011865276073, "amp": 0.01550011862922928, "day": 0.0092080120309170586, "thank": 0.012277332322776679}, "family": {"party": 0.0094768116229673547, "trubest": 0.012069499777475835, "gt": 0.015645621369901323, "love": 0.016182039608765148, "parent": 0.0092980055433460815, "amp": 0.0086721842646716209, "child": 0.0092980055433460815, "new": 0.0082251690656184352, "biggest": 0.0084933781850503459, "shower": 0.0097450207423992671, "fun": 0.009208602503535444, "birthday": 0.015288009210658775, "friend": 0.011443678498801374, "mom": 0.01448338185236304, "wedding": 0.010639051140505638, "baby": 0.018506518643841716, "http": 0.011086066339558826, "day": 0.01448338185236304, "today": 0.01224830585709711, "kid": 0.023781297992669308}, "food-drink": {"try": 0.0050283837216233843, "emeril": 0.0072146058292551791, "http": 0.025578871533362257, "join": 0.0048097615108602049, "food": 0.025505997463107864, "recall": 0.0097651982881589404, "cooking": 0.0057571244241673156, "recipe": 0.011368427833755591, "chicken": 0.0047368874406058118, "chef": 0.013190279590115419, "boston": 0.0052470059323865637, "beer": 0.012607287028080274, "usfoodsafety": 0.01275303516858906, "new": 0.0083805909533254709, "cook": 0.005975746634930495, "amp": 0.014647760995203284, "bit": 0.015230753557238429, "kitchen": 0.0046640133703514178, "day": 0.0067773614077288203, "ly": 0.014502012854694497}, "nhl": {"duck": 0.0085298518205227485, "play": 0.0093979302443882324, "gt": 0.016531270336152423, "goal": 0.0084543667401866182, "nyr": 0.010039553427245327, "season": 0.012002165515984682, "cap": 0.016531270336152423, "watch": 0.010530206449430167, "playoff": 0.0098885832665730686, "tonight": 0.0089450197623714579, "read": 0.0085675943606908118, "game": 0.030496010198336292, "let": 0.008114683878674039, "hockey": 0.0090205048427075864, "team": 0.010492463909262102, "nhl": 0.0075485457761530709, "amp": 0.0077750010171614582, "win": 0.010152781047749521, "fan": 0.0076995159368253288, "today": 0.0083411391196824263}, "nascar": {"practice": 0.0070087210215001436, "great": 0.012193717772116317, "good": 0.011478545806514086, "http": 0.011979166182435648, "thank": 0.012300993566956651, "car": 0.017056887138211487, "pit": 0.0097263744907886193, "time": 0.007509341397421705, "weekend": 0.0072590312094609243, "nascar": 0.030037258313891979, "race": 0.029036017562048856, "come": 0.0067941694318194744, "team": 0.020310919581701638, "ready": 0.0068656866283796974, "amp": 0.0086178579441051634, "elliott": 0.0068299280300995859, "win": 0.010942166832312413, "lap": 0.018379955274575616, "day": 0.011514304404794198, "today": 0.014231957874082674}, "books": {"fight": 0.0079341389485373514, "novel": 0.0089348321430087786, "http": 0.011436565129187348, "writing": 0.0076482266072598008, "author": 0.011436565129187348, "read": 0.033022946895642426, "twitter": 0.0089348321430087786, "friday": 0.0092207444842863293, "agent": 0.0097925691668414305, "fiction": 0.013437951518130202, "club": 0.0093637006549251046, "book": 0.052393508017196486, "library": 0.0079341389485373514, "et": 0.0080056170338567399, "new": 0.012222824067700613, "amp": 0.017798114722612852, "carta": 0.0078626608632179646, "writer": 0.0085059636310924527, "day": 0.0077911827778985761, "magna": 0.0077197046925791884}, "nba": {"fan": 0.0079750005322005105, "play": 0.011480127761565938, "coach": 0.0087146145347271591, "lottery": 0.0064314582660579371, "thank": 0.0058204727857098341, "season": 0.013538184116422703, "bull": 0.0059491013078883824, "watch": 0.0091648143623520775, "great": 0.0056918442635312868, "gt": 0.0064314582660579371, "tonight": 0.0076534292267541413, "player": 0.0075248007045755931, "game": 0.024439451371054632, "knick": 0.0074283293129416821, "draft": 0.015757026124002656, "team": 0.012058956111369404, "amp": 0.018940582047921713, "nba": 0.016368011604350755, "win": 0.01167307054483376, "today": 0.0064314582660579371}, "technology": {"account": 0.0095100993645002158, "google": 0.030041056581718274, "http": 0.0075547701057175429, "apple": 0.019286745658413578, "want": 0.01119879281526707, "extra": 0.006843741284342026, "app": 0.010398885391219612, "watch": 0.0093323421591563361, "layer": 0.0061327124629665091, "io": 0.0079102845164053023, "phone": 0.0065771054763262074, "add": 0.0080880417217491819, "tech": 0.0083546775297650006, "icymi": 0.0098656137751879751, "review": 0.0080880417217491819, "ask": 0.0063104696683103879, "new": 0.012176457444658405, "android": 0.0095100993645002158, "security": 0.0086213133377808192, "help": 0.0064882268736542676}, "funny": {"funny": 0.0068470681961967051, "episode": 0.01597628958620587, "thank": 0.013237523169203121, "love": 0.017649980174374216, "movie": 0.017649980174374216, "night": 0.0065427608165297335, "watch": 0.020845207660877423, "http": 0.013541830548870093, "tonight": 0.009737988303032942, "person": 0.0073035292656971635, "live": 0.0082164514046980802, "joke": 0.0074556829555306493, "troop": 0.007607836645364136, "laugh": 0.0069992218860301918, "amp": 0.019475824452376049, "man": 0.0066949145063632193, "new": 0.020845207660877423, "comedy": 0.007607836645364136, "today": 0.0063906071266962476, "pm": 0.010650910442033859}, "entertainment": {"great": 0.0063376404129014113, "love": 0.015315857447642283, "thank": 0.018182851122601554, "oscar": 0.0064885348168466361, "twitter": 0.009883658905614193, "mr": 0.0082992676641893328, "watch": 0.013580571802272198, "http": 0.0060358516050109624, "resurrection": 0.0076956900484084342, "tonight": 0.024218627280410542, "live": 0.007318454038545372, "tweet": 0.0061112988069835748, "come": 0.0064885348168466361, "night": 0.01169439175295689, "vote": 0.0092800812898332936, "amp": 0.023841391270547477, "selfridge": 0.0070921124326275356, "new": 0.0067148764227644734, "day": 0.0067903236247370859, "pm": 0.0079220316543262715}, "travel": {"fly": 0.0085399322411593825, "summer": 0.0095446227644536974, "world": 0.0074724485601591738, "hotel": 0.0070956896139238055, "flight": 0.012684280649748433, "aaainspector": 0.010674899603159803, "tl_chat": 0.012056349072689486, "city": 0.0073468622447473838, "travel": 0.039371372674753671, "museum": 0.0072840690870414893, "airbnb": 0.0084143459257475933, "info": 0.0060909990906294906, "ll": 0.0066561375099825426, "airline": 0.0065933443522766481, "lp": 0.011805176441865907, "new": 0.008163173294924015, "bkhalf": 0.0083515527680416996, "amp": 0.010549313287748012, "trip": 0.01224472854580717, "best": 0.012809866965160222}, "pga": {"week": 0.01400902412975686, "play": 0.018821265959666354, "gt": 0.012725759641780996, "http": 0.017912286947350118, "thank": 0.011121679031811165, "congrats": 0.0078065791045401796, "win": 0.015559635386061031, "great": 0.015452696678729708, "round": 0.0071649468605522468, "player": 0.0096780064828383156, "tour": 0.0096245371291726559, "good": 0.0075927016898775356, "game": 0.0086620887631907555, "guy": 0.006630253323895636, "rory": 0.0062024984945703481, "team": 0.0074322936288805522, "golf": 0.020264938508639203, "hole": 0.006737192031226958, "day": 0.01187024998313042, "today": 0.012725759641780996}, "sports": {"fan": 0.0083337479900302339, "love": 0.0096720043223246337, "olympic": 0.011618558987480126, "good": 0.0076037899905969245, "http": 0.010341132488471835, "thank": 0.0064480231581608514, "amp": 0.010036983322041289, "cup": 0.015268348984646673, "win": 0.014295071652068926, "watch": 0.0066913424913052884, "play": 0.010584451821616271,